CurrentTime,Instance,Number,Spend_time,nb_nodes,nb_sub_nodes,Seed,Iter_Max,Cycle,Generation,Local_Best_Obj,,,
2.02003E+13,MDG-b_1_n500_m50,0,501.789s,500,50,1583864114,1500,10,56,1162.87,,,
2.02003E+13,MDG-b_1_n500_m50,1,508.14s,500,50,1583878597,1500,10,55,1066.44,,,
2.02003E+13,MDG-b_1_n500_m50,2,507.164s,500,50,1583876786,1500,10,52,1074.92,,,
2.02003E+13,MDG-b_1_n500_m50,3,508.252s,500,50,1583875426,1500,10,52,1148.13,,,
2.02003E+13,MDG-b_1_n500_m50,4,501.866s,500,50,1583882681,1500,10,56,1107.84,,,
2.02003E+13,MDG-b_1_n500_m50,5,508.727s,500,50,1583865765,1500,10,56,1131.77,,,
2.02003E+13,MDG-b_1_n500_m50,6,507.431s,500,50,1583876586,1500,10,54,1091.6,,,
2.02003E+13,MDG-b_1_n500_m50,7,502.231s,500,50,1583894242,1500,10,55,1118.54,,,
2.02003E+13,MDG-b_1_n500_m50,8,501.31s,500,50,1583867993,1500,10,55,1082.77,,,
2.02003E+13,MDG-b_1_n500_m50,9,513.42s,500,50,1583877845,1500,10,57,1109.99,,,
2.02003E+13,MDG-b_2_n500_m50,0,501.149s,500,50,1583868064,1500,10,50,1046.19,,,
2.02003E+13,MDG-b_2_n500_m50,1,508.123s,500,50,1583897432,1500,10,55,1117.18,,,
2.02003E+13,MDG-b_2_n500_m50,2,500.711s,500,50,1583891159,1500,10,54,1080.11,,,
2.02003E+13,MDG-b_2_n500_m50,3,500.785s,500,50,1583882576,1500,10,54,1107.29,,,
2.02003E+13,MDG-b_2_n500_m50,4,512.242s,500,50,1583872722,1500,10,55,1099.58,,,
2.02003E+13,MDG-b_2_n500_m50,5,503.282s,500,50,1583894847,1500,10,55,1119.86,,,
2.02003E+13,MDG-b_2_n500_m50,6,504.929s,500,50,1583884278,1500,10,54,1097.03,,,
2.02003E+13,MDG-b_2_n500_m50,7,502.209s,500,50,1583900950,1500,10,52,1067.44,,,
2.02003E+13,MDG-b_2_n500_m50,8,503.188s,500,50,1583871696,1500,10,55,1090.93,,,
2.02003E+13,MDG-b_2_n500_m50,9,510.958s,500,50,1583887031,1500,10,56,1091.01,,,
2.02003E+13,MDG-b_3_n500_m50,0,506.875s,500,50,1583883698,1500,10,57,1040.27,,,
2.02003E+13,MDG-b_3_n500_m50,1,505.462s,500,50,1583902691,1500,10,53,1099.73,,,
2.02003E+13,MDG-b_3_n500_m50,2,510.612s,500,50,1583886978,1500,10,54,1091.68,,,
2.02003E+13,MDG-b_3_n500_m50,3,501.09s,500,50,1583883656,1500,10,51,1097.42,,,
2.02003E+13,MDG-b_3_n500_m50,4,506.391s,500,50,1583897227,1500,10,53,1142.31,,,
2.02003E+13,MDG-b_3_n500_m50,5,501.577s,500,50,1583901217,1500,10,54,1120.75,,,
2.02003E+13,MDG-b_3_n500_m50,6,500.622s,500,50,1583887989,1500,10,55,1061.96,,,
2.02003E+13,MDG-b_3_n500_m50,7,502.376s,500,50,1583881546,1500,10,54,1106.86,,,
2.02003E+13,MDG-b_3_n500_m50,8,508.43s,500,50,1583890749,1500,10,57,1111.07,,,
2.02003E+13,MDG-b_3_n500_m50,9,502.712s,500,50,1583891382,1500,10,56,1016.82,,,
2.02003E+13,MDG-b_4_n500_m50,0,510.037s,500,50,1583877209,1500,10,54,1078.01,,,
2.02003E+13,MDG-b_4_n500_m50,1,500.228s,500,50,1583908202,1500,10,52,1094.33,,,
2.02003E+13,MDG-b_4_n500_m50,2,501.118s,500,50,1583876783,1500,10,55,1065.44,,,
2.02003E+13,MDG-b_4_n500_m50,3,500.623s,500,50,1583891372,1500,10,58,1099.06,,,
2.02003E+13,MDG-b_4_n500_m50,4,504.555s,500,50,1583889420,1500,10,53,1138.96,,,
2.02003E+13,MDG-b_4_n500_m50,5,503.302s,500,50,1583909615,1500,10,52,1143.55,,,
2.02003E+13,MDG-b_4_n500_m50,6,503.038s,500,50,1583880278,1500,10,53,1101.65,,,
2.02003E+13,MDG-b_4_n500_m50,7,506.431s,500,50,1583880765,1500,10,55,1090.8,,,
2.02003E+13,MDG-b_4_n500_m50,8,500.51s,500,50,1583909992,1500,10,53,1124.19,,,
2.02003E+13,MDG-b_4_n500_m50,9,505.326s,500,50,1583905582,1500,10,53,1053.05,,,
2.02003E+13,MDG-b_5_n500_m50,0,504.733s,500,50,1583882401,1500,10,52,1118.76,,,
2.02003E+13,MDG-b_5_n500_m50,1,505.538s,500,50,1583895267,1500,10,55,1134.09,,,
2.02003E+13,MDG-b_5_n500_m50,2,506.337s,500,50,1583898375,1500,10,50,1170.22,,,
2.02003E+13,MDG-b_5_n500_m50,3,506.489s,500,50,1583904076,1500,10,51,1116.22,,,
2.02003E+13,MDG-b_5_n500_m50,4,502.309s,500,50,1583883612,1500,10,52,1112.36,,,
2.02003E+13,MDG-b_5_n500_m50,5,500.6s,500,50,1583898610,1500,10,51,1081.51,,,
2.02003E+13,MDG-b_5_n500_m50,6,505.712s,500,50,1583903480,1500,10,52,1125.55,,,
2.02003E+13,MDG-b_5_n500_m50,7,503.448s,500,50,1583900939,1500,10,54,1130.82,,,
2.02003E+13,MDG-b_5_n500_m50,8,503s,500,50,1583884753,1500,10,53,1089.64,,,
2.02003E+13,MDG-b_5_n500_m50,9,500.525s,500,50,1583889161,1500,10,52,1075.5,,,
2.02003E+13,MDG-b_6_n500_m50,0,500.764s,500,50,1583900078,1500,10,54,1089.94,,,
2.02003E+13,MDG-b_6_n500_m50,1,505.735s,500,50,1583886993,1500,10,51,1089.03,,,
2.02003E+13,MDG-b_6_n500_m50,2,506.581s,500,50,1583905592,1500,10,57,1101.63,,,
2.02003E+13,MDG-b_6_n500_m50,3,504.3s,500,50,1583893810,1500,10,53,1085.12,,,
2.02003E+13,MDG-b_6_n500_m50,4,503.82s,500,50,1583908492,1500,10,54,1085.87,,,
2.02003E+13,MDG-b_6_n500_m50,5,503.751s,500,50,1583907546,1500,10,52,1099.67,,,
2.02003E+13,MDG-b_6_n500_m50,6,503.621s,500,50,1583891867,1500,10,52,1089.13,,,
2.02003E+13,MDG-b_6_n500_m50,7,503.438s,500,50,1583893522,1500,10,57,1133.83,,,
2.02003E+13,MDG-b_6_n500_m50,8,500.098s,500,50,1583921468,1500,10,53,1101.54,,,
2.02003E+13,MDG-b_6_n500_m50,9,502.398s,500,50,1583921539,1500,10,55,1102.08,,,
2.02003E+13,MDG-b_7_n500_m50,0,508.993s,500,50,1583901200,1500,10,53,1067.94,,,
2.02003E+13,MDG-b_7_n500_m50,1,503.418s,500,50,1583919633,1500,10,54,1135.78,,,
2.02003E+13,MDG-b_7_n500_m50,2,506.061s,500,50,1583895447,1500,10,55,1145.69,,,
2.02003E+13,MDG-b_7_n500_m50,3,501.271s,500,50,1583919806,1500,10,56,1140.63,,,
2.02003E+13,MDG-b_7_n500_m50,4,505.336s,500,50,1583908154,1500,10,52,1105.5,,,
2.02003E+13,MDG-b_7_n500_m50,5,506.956s,500,50,1583904615,1500,10,53,1108.09,,,
2.02003E+13,MDG-b_7_n500_m50,6,507.419s,500,50,1583917244,1500,10,54,1162.28,,,
2.02003E+13,MDG-b_7_n500_m50,7,501.066s,500,50,1583894864,1500,10,54,1096.38,,,
2.02003E+13,MDG-b_7_n500_m50,8,505.519s,500,50,1583908808,1500,10,55,1127.42,,,
2.02003E+13,MDG-b_7_n500_m50,9,508.467s,500,50,1583904554,1500,10,55,1066.65,,,
2.02003E+13,MDG-b_8_n500_m50,0,505.985s,500,50,1583913397,1500,10,55,1111.2,,,
2.02003E+13,MDG-b_8_n500_m50,1,508.384s,500,50,1583924675,1500,10,50,1086.63,,,
2.02003E+13,MDG-b_8_n500_m50,2,503.859s,500,50,1583909560,1500,10,52,1085.6,,,
2.02003E+13,MDG-b_8_n500_m50,3,506.868s,500,50,1583898317,1500,10,53,1074.15,,,
2.02003E+13,MDG-b_8_n500_m50,4,508.807s,500,50,1583929852,1500,10,55,1161.2,,,
2.02003E+13,MDG-b_8_n500_m50,5,507.203s,500,50,1583916612,1500,10,52,1126.18,,,
2.02003E+13,MDG-b_8_n500_m50,6,500.426s,500,50,1583908868,1500,10,52,1127.88,,,
2.02003E+13,MDG-b_8_n500_m50,7,501.477s,500,50,1583901399,1500,10,54,1106.68,,,
2.02003E+13,MDG-b_8_n500_m50,8,500.598s,500,50,1583930037,1500,10,57,1131.81,,,
2.02003E+13,MDG-b_8_n500_m50,9,513.819s,500,50,1583918735,1500,10,54,1145.67,,,
2.02003E+13,MDG-b_9_n500_m50,0,508.029s,500,50,1583900729,1500,10,56,1090.85,,,
2.02003E+13,MDG-b_9_n500_m50,1,504.387s,500,50,1583903773,1500,10,54,1135.32,,,
2.02003E+13,MDG-b_9_n500_m50,2,503.346s,500,50,1583903445,1500,10,55,1117.72,,,
2.02003E+13,MDG-b_9_n500_m50,3,500.174s,500,50,1583918811,1500,10,54,1156.6,,,
2.02003E+13,MDG-b_9_n500_m50,4,504.115s,500,50,1583924872,1500,10,52,1101.72,,,
2.02003E+13,MDG-b_9_n500_m50,5,502.645s,500,50,1583932259,1500,10,55,1108.65,,,
2.02003E+13,MDG-b_9_n500_m50,6,500.65s,500,50,1583913923,1500,10,54,1087.72,,,
2.02003E+13,MDG-b_9_n500_m50,7,511.844s,500,50,1583929610,1500,10,54,1047.98,,,
2.02003E+13,MDG-b_9_n500_m50,8,503.546s,500,50,1583914612,1500,10,51,1103.07,,,
2.02003E+13,MDG-b_9_n500_m50,9,503.752s,500,50,1583905842,1500,10,57,1090.96,,,
2.02003E+13,MDG-b_10_n500_m50,0,503.444s,500,50,1583935041,1500,10,52,1114.43,,,
2.02003E+13,MDG-b_10_n500_m50,1,504.848s,500,50,1583921941,1500,10,56,1055.07,,,
2.02003E+13,MDG-b_10_n500_m50,2,505.428s,500,50,1583906835,1500,10,54,1144.65,,,
2.02003E+13,MDG-b_10_n500_m50,3,503.972s,500,50,1583913217,1500,10,55,1164.54,,,
2.02003E+13,MDG-b_10_n500_m50,4,500.997s,500,50,1583910359,1500,10,57,1076.72,,,
2.02003E+13,MDG-b_10_n500_m50,5,507.722s,500,50,1583918660,1500,10,58,1084.02,,,
2.02003E+13,MDG-b_10_n500_m50,6,508.571s,500,50,1583941436,1500,10,55,1058.66,,,
2.02003E+13,MDG-b_10_n500_m50,7,508.354s,500,50,1583938979,1500,10,55,1163.43,,,
2.02003E+13,MDG-b_10_n500_m50,8,505.082s,500,50,1583938351,1500,10,56,1093.03,,,
2.02003E+13,MDG-b_10_n500_m50,9,510.005s,500,50,1583915833,1500,10,56,1114.67,,,
2.02003E+13,MDG-b_11_n500_m50,0,500.351s,500,50,1583913494,1500,10,51,1049.96,,,
2.02003E+13,MDG-b_11_n500_m50,1,505.43s,500,50,1583933126,1500,10,53,1092.92,,,
2.02003E+13,MDG-b_11_n500_m50,2,507.384s,500,50,1583941254,1500,10,54,1042.11,,,
2.02003E+13,MDG-b_11_n500_m50,3,509.953s,500,50,1583927555,1500,10,55,1095.61,,,
2.02003E+13,MDG-b_11_n500_m50,4,505.056s,500,50,1583939335,1500,10,58,1122.84,,,
2.02003E+13,MDG-b_11_n500_m50,5,506.947s,500,50,1583939155,1500,10,53,1083.57,,,
2.02003E+13,MDG-b_11_n500_m50,6,508.756s,500,50,1583941627,1500,10,57,1112.06,,,
2.02003E+13,MDG-b_11_n500_m50,7,507.635s,500,50,1583935823,1500,10,53,1096.3,,,
2.02003E+13,MDG-b_11_n500_m50,8,510.329s,500,50,1583922116,1500,10,55,1076.99,,,
2.02003E+13,MDG-b_11_n500_m50,9,507.649s,500,50,1583924317,1500,10,59,1118.97,,,
2.02003E+13,MDG-b_12_n500_m50,0,509.885s,500,50,1583936121,1500,10,57,1108.27,,,
2.02003E+13,MDG-b_12_n500_m50,1,505.02s,500,50,1583943268,1500,10,54,1105.4,,,
2.02003E+13,MDG-b_12_n500_m50,2,504.591s,500,50,1583931208,1500,10,55,1126.29,,,
2.02003E+13,MDG-b_12_n500_m50,3,504.238s,500,50,1583934210,1500,10,56,1101.99,,,
2.02003E+13,MDG-b_12_n500_m50,4,501.722s,500,50,1583923100,1500,10,57,1140.61,,,
2.02003E+13,MDG-b_12_n500_m50,5,510.937s,500,50,1583948182,1500,10,55,1145.91,,,
2.02003E+13,MDG-b_12_n500_m50,6,500.295s,500,50,1583928417,1500,10,50,1078.73,,,
2.02003E+13,MDG-b_12_n500_m50,7,508.334s,500,50,1583946379,1500,10,56,1061.84,,,
2.02003E+13,MDG-b_12_n500_m50,8,504.013s,500,50,1583948130,1500,10,54,1135.51,,,
2.02003E+13,MDG-b_12_n500_m50,9,502.528s,500,50,1583944188,1500,10,54,1147.48,,,
2.02003E+13,MDG-b_13_n500_m50,0,509.666s,500,50,1583932596,1500,10,57,1101.61,,,
2.02003E+13,MDG-b_13_n500_m50,1,508.264s,500,50,1583949620,1500,10,54,1087.39,,,
2.02003E+13,MDG-b_13_n500_m50,2,512.343s,500,50,1583932259,1500,10,56,1027.02,,,
2.02003E+13,MDG-b_13_n500_m50,3,502.547s,500,50,1583928742,1500,10,55,1044.38,,,
2.02003E+13,MDG-b_13_n500_m50,4,501.38s,500,50,1583924296,1500,10,52,1100.51,,,
2.02003E+13,MDG-b_13_n500_m50,5,502.697s,500,50,1583952430,1500,10,55,1086.42,,,
2.02003E+13,MDG-b_13_n500_m50,6,508.3s,500,50,1583931112,1500,10,55,1107.82,,,
2.02003E+13,MDG-b_13_n500_m50,7,509.788s,500,50,1583946570,1500,10,54,1072.37,,,
2.02003E+13,MDG-b_13_n500_m50,8,502.159s,500,50,1583939616,1500,10,56,1087.81,,,
2.02003E+13,MDG-b_13_n500_m50,9,500.372s,500,50,1583957902,1500,10,55,1030.46,,,
2.02003E+13,MDG-b_14_n500_m50,0,505.244s,500,50,1583941255,1500,10,55,1018.63,,,
2.02003E+13,MDG-b_14_n500_m50,1,509.497s,500,50,1583957085,1500,10,54,1125.9,,,
2.02003E+13,MDG-b_14_n500_m50,2,502.981s,500,50,1583940440,1500,10,55,1058.11,,,
2.02003E+13,MDG-b_14_n500_m50,3,507.316s,500,50,1583932672,1500,10,51,1115.03,,,
2.02003E+13,MDG-b_14_n500_m50,4,505.901s,500,50,1583952314,1500,10,53,1119.27,,,
2.02003E+13,MDG-b_14_n500_m50,5,500.295s,500,50,1583946651,1500,10,52,1106.27,,,
2.02003E+13,MDG-b_14_n500_m50,6,506.098s,500,50,1583934385,1500,10,55,1140.94,,,
2.02003E+13,MDG-b_14_n500_m50,7,500.182s,500,50,1583945361,1500,10,54,1075.99,,,
2.02003E+13,MDG-b_14_n500_m50,8,509.453s,500,50,1583946510,1500,10,58,996.85,,,
2.02003E+13,MDG-b_14_n500_m50,9,507.051s,500,50,1583956774,1500,10,54,1129.15,,,
2.02003E+13,MDG-b_15_n500_m50,0,505.966s,500,50,1583958602,1500,10,58,1149.5,,,
2.02003E+13,MDG-b_15_n500_m50,1,505.03s,500,50,1583947800,1500,10,53,1101.39,,,
2.02003E+13,MDG-b_15_n500_m50,2,504.033s,500,50,1583943574,1500,10,54,1132.79,,,
2.02003E+13,MDG-b_15_n500_m50,3,505.987s,500,50,1583954700,1500,10,52,1120.62,,,
2.02003E+13,MDG-b_15_n500_m50,4,501.634s,500,50,1583956633,1500,10,54,1135.32,,,
2.02003E+13,MDG-b_15_n500_m50,5,503.98s,500,50,1583935201,1500,10,56,1093.24,,,
2.02003E+13,MDG-b_15_n500_m50,6,501.242s,500,50,1583961518,1500,10,54,1128.78,,,
2.02003E+13,MDG-b_15_n500_m50,7,504.573s,500,50,1583942964,1500,10,56,1160.29,,,
2.02003E+13,MDG-b_15_n500_m50,8,507.687s,500,50,1583944730,1500,10,51,1064.81,,,
2.02003E+13,MDG-b_15_n500_m50,9,501.95s,500,50,1583960201,1500,10,53,1093.46,,,
2.02003E+13,MDG-b_16_n500_m50,0,501.795s,500,50,1583955559,1500,10,52,1153.94,,,
2.02003E+13,MDG-b_16_n500_m50,1,502.867s,500,50,1583955553,1500,10,56,1012.95,,,
2.02003E+13,MDG-b_16_n500_m50,2,502.378s,500,50,1583960935,1500,10,56,1039.27,,,
2.02003E+13,MDG-b_16_n500_m50,3,503.111s,500,50,1583966472,1500,10,56,1089.08,,,
2.02003E+13,MDG-b_16_n500_m50,4,503.817s,500,50,1583951354,1500,10,58,1131.7,,,
2.02003E+13,MDG-b_16_n500_m50,5,504.709s,500,50,1583956295,1500,10,53,1090.18,,,
2.02003E+13,MDG-b_16_n500_m50,6,500.78s,500,50,1583970337,1500,10,54,1084.69,,,
2.02003E+13,MDG-b_16_n500_m50,7,504.254s,500,50,1583940543,1500,10,52,1121.19,,,
2.02003E+13,MDG-b_16_n500_m50,8,512.567s,500,50,1583960102,1500,10,54,1134.49,,,
2.02003E+13,MDG-b_16_n500_m50,9,503.002s,500,50,1583950336,1500,10,54,1152.44,,,
2.02003E+13,MDG-b_17_n500_m50,0,501.457s,500,50,1583964294,1500,10,57,1127.48,,,
2.02003E+13,MDG-b_17_n500_m50,1,506.032s,500,50,1583969907,1500,10,54,1077.18,,,
2.02003E+13,MDG-b_17_n500_m50,2,506.569s,500,50,1583944527,1500,10,55,1112.36,,,
2.02003E+13,MDG-b_17_n500_m50,3,500.117s,500,50,1583952295,1500,10,56,1134.84,,,
2.02003E+13,MDG-b_17_n500_m50,4,508.363s,500,50,1583974528,1500,10,50,1120.93,,,
2.02003E+13,MDG-b_17_n500_m50,5,502.922s,500,50,1583950119,1500,10,54,1062.86,,,
2.02003E+13,MDG-b_17_n500_m50,6,513.079s,500,50,1583961548,1500,10,51,1128.21,,,
2.02003E+13,MDG-b_17_n500_m50,7,506.725s,500,50,1583966087,1500,10,55,1069.63,,,
2.02003E+13,MDG-b_17_n500_m50,8,500.202s,500,50,1583961210,1500,10,56,1119.04,,,
2.02003E+13,MDG-b_17_n500_m50,9,508.744s,500,50,1583950071,1500,10,54,1126.5,,,
2.02003E+13,MDG-b_18_n500_m50,0,505.802s,500,50,1583965414,1500,10,56,1113.39,,,
2.02003E+13,MDG-b_18_n500_m50,1,505.347s,500,50,1583959334,1500,10,54,1082.46,,,
2.02003E+13,MDG-b_18_n500_m50,2,505.94s,500,50,1583955395,1500,10,55,1063.03,,,
2.02003E+13,MDG-b_18_n500_m50,3,506.354s,500,50,1583975115,1500,10,55,1104.96,,,
2.02003E+13,MDG-b_18_n500_m50,4,508.727s,500,50,1583949563,1500,10,55,1123.67,,,
2.02003E+13,MDG-b_18_n500_m50,5,505.059s,500,50,1583976136,1500,10,53,1143.65,,,
2.02003E+13,MDG-b_18_n500_m50,6,501.263s,500,50,1583971218,1500,10,54,1100.02,,,
2.02003E+13,MDG-b_18_n500_m50,7,500.159s,500,50,1583980419,1500,10,53,1105.15,,,
2.02003E+13,MDG-b_18_n500_m50,8,506.241s,500,50,1583953153,1500,10,56,1089.51,,,
2.02003E+13,MDG-b_18_n500_m50,9,506.299s,500,50,1583959495,1500,10,58,1033.65,,,
2.02003E+13,MDG-b_19_n500_m50,0,506.658s,500,50,1583981004,1500,10,56,1079.13,,,
2.02003E+13,MDG-b_19_n500_m50,1,502.484s,500,50,1583980258,1500,10,54,983.3,,,
2.02003E+13,MDG-b_19_n500_m50,2,504.989s,500,50,1583969442,1500,10,56,1109.15,,,
2.02003E+13,MDG-b_19_n500_m50,3,508.422s,500,50,1583969322,1500,10,57,1110.72,,,
2.02003E+13,MDG-b_19_n500_m50,4,503.701s,500,50,1583968220,1500,10,57,1158.34,,,
2.02003E+13,MDG-b_19_n500_m50,5,507.145s,500,50,1583965160,1500,10,54,1111.64,,,
2.02003E+13,MDG-b_19_n500_m50,6,505.837s,500,50,1583973294,1500,10,54,1088.2,,,
2.02003E+13,MDG-b_19_n500_m50,7,508.341s,500,50,1583966028,1500,10,56,1061.35,,,
2.02003E+13,MDG-b_19_n500_m50,8,505.702s,500,50,1583956945,1500,10,51,1093.62,,,
2.02003E+13,MDG-b_19_n500_m50,9,506.451s,500,50,1583966223,1500,10,52,1109.18,,,
2.02003E+13,MDG-b_20_n500_m50,0,506.988s,500,50,1583956795,1500,10,54,1099.49,,,
2.02003E+13,MDG-b_20_n500_m50,1,501.597s,500,50,1583971084,1500,10,54,1128.05,,,
2.02003E+13,MDG-b_20_n500_m50,2,503.164s,500,50,1583970297,1500,10,57,1130.19,,,
2.02003E+13,MDG-b_20_n500_m50,3,504.193s,500,50,1583965685,1500,10,53,1124,,,
2.02003E+13,MDG-b_20_n500_m50,4,506.536s,500,50,1583981991,1500,10,55,1091.07,,,
2.02003E+13,MDG-b_20_n500_m50,5,503.398s,500,50,1583976792,1500,10,52,1167.1,,,
2.02003E+13,MDG-b_20_n500_m50,6,507.098s,500,50,1583978031,1500,10,56,1101.8,,,
2.02003E+13,MDG-b_20_n500_m50,7,509.759s,500,50,1583984099,1500,10,54,1069.53,,,
2.02003E+13,MDG-b_20_n500_m50,8,501.467s,500,50,1583961078,1500,10,55,1111.36,,,
2.02003E+13,MDG-b_20_n500_m50,9,502.906s,500,50,1583983291,1500,10,51,971.68,,,
2.02003E+13,MDG-a_1_n500_m50,0,502.768s,500,50,1583993112,1500,10,54,10.83,,,
2.02003E+13,MDG-a_1_n500_m50,1,503.782s,500,50,1583990059,1500,10,55,10.76,,,
2.02003E+13,MDG-a_1_n500_m50,2,500.287s,500,50,1583979724,1500,10,54,10.68,,,
2.02003E+13,MDG-a_1_n500_m50,3,501.284s,500,50,1583986352,1500,10,53,10.91,,,
2.02003E+13,MDG-a_1_n500_m50,4,507.672s,500,50,1583965908,1500,10,50,11.33,,,
2.02003E+13,MDG-a_1_n500_m50,5,500.159s,500,50,1583968222,1500,10,52,10.98,,,
2.02003E+13,MDG-a_1_n500_m50,6,501.749s,500,50,1583996443,1500,10,53,11.27,,,
2.02003E+13,MDG-a_1_n500_m50,7,500.533s,500,50,1583980497,1500,10,56,11.18,,,
2.02003E+13,MDG-a_1_n500_m50,8,503.524s,500,50,1583973436,1500,10,52,10.65,,,
2.02003E+13,MDG-a_1_n500_m50,9,512.412s,500,50,1583995350,1500,10,56,11.17,,,
2.02003E+13,MDG-a_2_n500_m50,0,503.956s,500,50,1583990400,1500,10,51,11.09,,,
2.02003E+13,MDG-a_2_n500_m50,1,500.766s,500,50,1583989470,1500,10,54,11.07,,,
2.02003E+13,MDG-a_2_n500_m50,2,502.15s,500,50,1583978072,1500,10,53,10.84,,,
2.02003E+13,MDG-a_2_n500_m50,3,502.938s,500,50,1583992004,1500,10,53,11.17,,,
2.02003E+13,MDG-a_2_n500_m50,4,508.761s,500,50,1583987879,1500,10,51,11.27,,,
2.02003E+13,MDG-a_2_n500_m50,5,506.299s,500,50,1583971145,1500,10,55,10.83,,,
2.02003E+13,MDG-a_2_n500_m50,6,510.055s,500,50,1583981960,1500,10,54,11.18,,,
2.02003E+13,MDG-a_2_n500_m50,7,508.012s,500,50,1583998085,1500,10,56,11.48,,,
2.02003E+13,MDG-a_2_n500_m50,8,508.905s,500,50,1583975037,1500,10,54,11.2,,,
2.02003E+13,MDG-a_2_n500_m50,9,501.562s,500,50,1583993911,1500,10,52,10.82,,,
2.02003E+13,MDG-a_3_n500_m50,0,513.671s,500,50,1583994290,1500,10,53,11.36,,,
2.02003E+13,MDG-a_3_n500_m50,1,515.315s,500,50,1583996291,1500,10,50,11.4,,,
2.02003E+13,MDG-a_3_n500_m50,2,501.24s,500,50,1583977034,1500,10,53,10.94,,,
2.02003E+13,MDG-a_3_n500_m50,3,506.145s,500,50,1583996630,1500,10,57,11.44,,,
2.02003E+13,MDG-a_3_n500_m50,4,502.371s,500,50,1584006202,1500,10,55,11.09,,,
2.02003E+13,MDG-a_3_n500_m50,5,505.279s,500,50,1583994098,1500,10,56,11.26,,,
2.02003E+13,MDG-a_3_n500_m50,6,503.474s,500,50,1583999002,1500,10,56,10.96,,,
2.02003E+13,MDG-a_3_n500_m50,7,508.594s,500,50,1583978895,1500,10,53,11.04,,,
2.02003E+13,MDG-a_3_n500_m50,8,505.979s,500,50,1584003520,1500,10,53,10.68,,,
2.02003E+13,MDG-a_3_n500_m50,9,502.964s,500,50,1583985615,1500,10,53,10.41,,,
2.02003E+13,MDG-a_4_n500_m50,0,503.825s,500,50,1583998644,1500,10,55,11.26,,,
2.02003E+13,MDG-a_4_n500_m50,1,501.976s,500,50,1583978328,1500,10,53,11.17,,,
2.02003E+13,MDG-a_4_n500_m50,2,503.717s,500,50,1583980447,1500,10,53,11.41,,,
2.02003E+13,MDG-a_4_n500_m50,3,507.02s,500,50,1583982923,1500,10,57,11.33,,,
2.02003E+13,MDG-a_4_n500_m50,4,501.92s,500,50,1583995803,1500,10,54,11.18,,,
2.02003E+13,MDG-a_4_n500_m50,5,504.4s,500,50,1584000451,1500,10,51,11.33,,,
2.02003E+13,MDG-a_4_n500_m50,6,500.964s,500,50,1584012424,1500,10,55,11.41,,,
2.02003E+13,MDG-a_4_n500_m50,7,503.756s,500,50,1584002423,1500,10,54,10.41,,,
2.02003E+13,MDG-a_4_n500_m50,8,506.564s,500,50,1584004800,1500,10,52,10.95,,,
2.02003E+13,MDG-a_4_n500_m50,9,503.213s,500,50,1584002482,1500,10,56,10.83,,,
2.02003E+13,MDG-a_5_n500_m50,0,500.045s,500,50,1583994794,1500,10,52,10.24,,,
2.02003E+13,MDG-a_5_n500_m50,1,501.56s,500,50,1583992620,1500,10,54,10.28,,,
2.02003E+13,MDG-a_5_n500_m50,2,507.493s,500,50,1584009737,1500,10,53,10.78,,,
2.02003E+13,MDG-a_5_n500_m50,3,505.953s,500,50,1583999224,1500,10,57,11.35,,,
2.02003E+13,MDG-a_5_n500_m50,4,507.414s,500,50,1583984223,1500,10,55,11.4,,,
2.02003E+13,MDG-a_5_n500_m50,5,502.831s,500,50,1583997345,1500,10,52,11.17,,,
2.02003E+13,MDG-a_5_n500_m50,6,505.776s,500,50,1584010425,1500,10,54,10.48,,,
2.02003E+13,MDG-a_5_n500_m50,7,511.419s,500,50,1583991055,1500,10,56,10.63,,,
2.02003E+13,MDG-a_5_n500_m50,8,506.53s,500,50,1584006972,1500,10,53,10.73,,,
2.02003E+13,MDG-a_5_n500_m50,9,503.321s,500,50,1583997665,1500,10,56,11.21,,,
2.02003E+13,MDG-a_6_n500_m50,0,506.726s,500,50,1583991687,1500,10,54,10.63,,,
2.02003E+13,MDG-a_6_n500_m50,1,501.157s,500,50,1584002243,1500,10,56,11.03,,,
2.02003E+13,MDG-a_6_n500_m50,2,501.274s,500,50,1584019584,1500,10,53,10.9,,,
2.02003E+13,MDG-a_6_n500_m50,3,500.024s,500,50,1584013949,1500,10,54,10.65,,,
2.02003E+13,MDG-a_6_n500_m50,4,503.128s,500,50,1583991960,1500,10,56,10.82,,,
2.02003E+13,MDG-a_6_n500_m50,5,508.687s,500,50,1584021302,1500,10,54,11.4,,,
2.02003E+13,MDG-a_6_n500_m50,6,503.072s,500,50,1583994642,1500,10,56,11.24,,,
2.02003E+13,MDG-a_6_n500_m50,7,503.976s,500,50,1584004747,1500,10,56,11.43,,,
2.02003E+13,MDG-a_6_n500_m50,8,502.66s,500,50,1584000343,1500,10,56,10.27,,,
2.02003E+13,MDG-a_6_n500_m50,9,502.202s,500,50,1583995761,1500,10,53,10.89,,,
2.02003E+13,MDG-a_7_n500_m50,0,501.236s,500,50,1583994462,1500,10,55,10.68,,,
2.02003E+13,MDG-a_7_n500_m50,1,508.244s,500,50,1584013188,1500,10,58,11.22,,,
2.02003E+13,MDG-a_7_n500_m50,2,507.543s,500,50,1583995921,1500,10,50,11.33,,,
2.02003E+13,MDG-a_7_n500_m50,3,501.322s,500,50,1584010597,1500,10,56,11.59,,,
2.02003E+13,MDG-a_7_n500_m50,4,501.802s,500,50,1584008222,1500,10,55,11.06,,,
2.02003E+13,MDG-a_7_n500_m50,5,500.436s,500,50,1584016089,1500,10,52,11.01,,,
2.02003E+13,MDG-a_7_n500_m50,6,507.49s,500,50,1584020224,1500,10,58,11.01,,,
2.02003E+13,MDG-a_7_n500_m50,7,509.159s,500,50,1584011833,1500,10,59,11.26,,,
2.02003E+13,MDG-a_7_n500_m50,8,502.843s,500,50,1584021943,1500,10,53,11.53,,,
2.02003E+13,MDG-a_7_n500_m50,9,510.237s,500,50,1584003249,1500,10,55,11.02,,,
2.02003E+13,MDG-a_8_n500_m50,0,505.3s,500,50,1584016911,1500,10,56,11.2,,,
2.02003E+13,MDG-a_8_n500_m50,1,509.15s,500,50,1584007277,1500,10,52,11.02,,,
2.02003E+13,MDG-a_8_n500_m50,2,502.03s,500,50,1584016198,1500,10,57,11.25,,,
2.02003E+13,MDG-a_8_n500_m50,3,500.723s,500,50,1584018146,1500,10,56,11.19,,,
2.02003E+13,MDG-a_8_n500_m50,4,509.072s,500,50,1583999317,1500,10,56,10.2,,,
2.02003E+13,MDG-a_8_n500_m50,5,501.852s,500,50,1584025346,1500,10,57,11.45,,,
2.02003E+13,MDG-a_8_n500_m50,6,503.93s,500,50,1584032501,1500,10,57,10.74,,,
2.02003E+13,MDG-a_8_n500_m50,7,511.494s,500,50,1584003341,1500,10,55,11.27,,,
2.02003E+13,MDG-a_8_n500_m50,8,504.048s,500,50,1584032409,1500,10,53,10.94,,,
2.02003E+13,MDG-a_8_n500_m50,9,507.451s,500,50,1584004788,1500,10,52,10.79,,,
2.02003E+13,MDG-a_9_n500_m50,0,511.173s,500,50,1584031970,1500,10,56,11.12,,,
2.02003E+13,MDG-a_9_n500_m50,1,515.472s,500,50,1584030150,1500,10,54,11.54,,,
2.02003E+13,MDG-a_9_n500_m50,2,507.503s,500,50,1584016272,1500,10,53,10.95,,,
2.02003E+13,MDG-a_9_n500_m50,3,509.326s,500,50,1584033966,1500,10,57,11.38,,,
2.02003E+13,MDG-a_9_n500_m50,4,509.924s,500,50,1584034682,1500,10,55,11.39,,,
2.02003E+13,MDG-a_9_n500_m50,5,501.812s,500,50,1584025348,1500,10,56,11.36,,,
2.02003E+13,MDG-a_9_n500_m50,6,503.966s,500,50,1584023658,1500,10,56,10.73,,,
2.02003E+13,MDG-a_9_n500_m50,7,511.066s,500,50,1584028960,1500,10,55,11.2,,,
2.02003E+13,MDG-a_9_n500_m50,8,506.789s,500,50,1584024247,1500,10,58,11.28,,,
2.02003E+13,MDG-a_9_n500_m50,9,505.292s,500,50,1584037376,1500,10,54,10.69,,,
2.02003E+13,MDG-a_10_n500_m50,0,500.915s,500,50,1584017311,1500,10,54,11.3,,,
2.02003E+13,MDG-a_10_n500_m50,1,501.945s,500,50,1584031215,1500,10,56,10.4,,,
2.02003E+13,MDG-a_10_n500_m50,2,506.702s,500,50,1584033732,1500,10,56,11.33,,,
2.02003E+13,MDG-a_10_n500_m50,3,500.549s,500,50,1584032771,1500,10,54,11.33,,,
2.02003E+13,MDG-a_10_n500_m50,4,501.535s,500,50,1584010753,1500,10,53,10.58,,,
2.02003E+13,MDG-a_10_n500_m50,5,506.076s,500,50,1584037568,1500,10,54,10.69,,,
2.02003E+13,MDG-a_10_n500_m50,6,508.156s,500,50,1584010333,1500,10,53,11.11,,,
2.02003E+13,MDG-a_10_n500_m50,7,502.208s,500,50,1584024774,1500,10,58,11.14,,,
2.02003E+13,MDG-a_10_n500_m50,8,507.556s,500,50,1584013832,1500,10,52,10.93,,,
2.02003E+13,MDG-a_10_n500_m50,9,504.449s,500,50,1584033151,1500,10,57,10.94,,,
2.02003E+13,MDG-a_11_n500_m50,0,506.906s,500,50,1584031974,1500,10,54,11.55,,,
2.02003E+13,MDG-a_11_n500_m50,1,507.572s,500,50,1584020712,1500,10,53,10.66,,,
2.02003E+13,MDG-a_11_n500_m50,2,511.59s,500,50,1584045184,1500,10,53,11.39,,,
2.02003E+13,MDG-a_11_n500_m50,3,500.854s,500,50,1584035767,1500,10,54,11.05,,,
2.02003E+13,MDG-a_11_n500_m50,4,503.928s,500,50,1584035183,1500,10,56,11.18,,,
2.02003E+13,MDG-a_11_n500_m50,5,501.495s,500,50,1584020025,1500,10,57,11.4,,,
2.02003E+13,MDG-a_11_n500_m50,6,506.101s,500,50,1584036458,1500,10,57,11.67,,,
2.02003E+13,MDG-a_11_n500_m50,7,505.135s,500,50,1584021645,1500,10,55,11.01,,,
2.02003E+13,MDG-a_11_n500_m50,8,507.227s,500,50,1584019543,1500,10,55,11.23,,,
2.02003E+13,MDG-a_11_n500_m50,9,505.35s,500,50,1584048320,1500,10,58,10.29,,,
2.02003E+13,MDG-a_12_n500_m50,0,507.176s,500,50,1584029299,1500,10,53,10.67,,,
2.02003E+13,MDG-a_12_n500_m50,1,506.857s,500,50,1584041188,1500,10,55,11.11,,,
2.02003E+13,MDG-a_12_n500_m50,2,507.972s,500,50,1584044348,1500,10,55,11.04,,,
2.02003E+13,MDG-a_12_n500_m50,3,500.641s,500,50,1584038412,1500,10,59,11.38,,,
2.02003E+13,MDG-a_12_n500_m50,4,500.982s,500,50,1584022826,1500,10,57,11.29,,,
2.02003E+13,MDG-a_12_n500_m50,5,508.389s,500,50,1584030869,1500,10,53,11,,,
2.02003E+13,MDG-a_12_n500_m50,6,503.115s,500,50,1584036854,1500,10,53,10.81,,,
2.02003E+13,MDG-a_12_n500_m50,7,500.528s,500,50,1584047537,1500,10,54,11.19,,,
2.02003E+13,MDG-a_12_n500_m50,8,508.963s,500,50,1584027761,1500,10,56,11.16,,,
2.02003E+13,MDG-a_12_n500_m50,9,503.169s,500,50,1584045213,1500,10,53,10.31,,,
2.02003E+13,MDG-a_13_n500_m50,0,506.944s,500,50,1584050521,1500,10,57,10.79,,,
2.02003E+13,MDG-a_13_n500_m50,1,501.978s,500,50,1584050885,1500,10,52,10.84,,,
2.02003E+13,MDG-a_13_n500_m50,2,511.908s,500,50,1584044226,1500,10,56,10.92,,,
2.02003E+13,MDG-a_13_n500_m50,3,504.021s,500,50,1584054932,1500,10,54,11.56,,,
2.02003E+13,MDG-a_13_n500_m50,4,503.019s,500,50,1584030609,1500,10,58,9.74,,,
2.02003E+13,MDG-a_13_n500_m50,5,511.468s,500,50,1584047823,1500,10,55,11.33,,,
2.02003E+13,MDG-a_13_n500_m50,6,500.135s,500,50,1584032804,1500,10,54,11.21,,,
2.02003E+13,MDG-a_13_n500_m50,7,503.119s,500,50,1584028622,1500,10,54,10.99,,,
2.02003E+13,MDG-a_13_n500_m50,8,500.586s,500,50,1584036965,1500,10,57,10.99,,,
2.02003E+13,MDG-a_13_n500_m50,9,504.68s,500,50,1584034762,1500,10,53,11.37,,,
2.02003E+13,MDG-a_14_n500_m50,0,504.18s,500,50,1584045715,1500,10,52,11.29,,,
2.02003E+13,MDG-a_14_n500_m50,1,500.226s,500,50,1584049898,1500,10,51,11.08,,,
2.02003E+13,MDG-a_14_n500_m50,2,509.465s,500,50,1584055395,1500,10,51,11.2,,,
2.02003E+13,MDG-a_14_n500_m50,3,505.908s,500,50,1584036534,1500,10,50,11.08,,,
2.02003E+13,MDG-a_14_n500_m50,4,500.27s,500,50,1584046738,1500,10,53,11.62,,,
2.02003E+13,MDG-a_14_n500_m50,5,510.697s,500,50,1584053390,1500,10,58,11.38,,,
2.02003E+13,MDG-a_14_n500_m50,6,509.196s,500,50,1584054109,1500,10,56,10.95,,,
2.02003E+13,MDG-a_14_n500_m50,7,503.468s,500,50,1584039359,1500,10,53,11.18,,,
2.02003E+13,MDG-a_14_n500_m50,8,508.952s,500,50,1584050884,1500,10,54,10.96,,,
2.02003E+13,MDG-a_14_n500_m50,9,500.957s,500,50,1584052526,1500,10,50,11.1,,,
2.02003E+13,MDG-a_15_n500_m50,0,501.494s,500,50,1584035534,1500,10,53,11.2,,,
2.02003E+13,MDG-a_15_n500_m50,1,506.144s,500,50,1584049962,1500,10,58,11.58,,,
2.02003E+13,MDG-a_15_n500_m50,2,504.217s,500,50,1584047665,1500,10,58,11.52,,,
2.02003E+13,MDG-a_15_n500_m50,3,505.888s,500,50,1584057085,1500,10,57,11.35,,,
2.02003E+13,MDG-a_15_n500_m50,4,505.496s,500,50,1584049698,1500,10,53,10.93,,,
2.02003E+13,MDG-a_15_n500_m50,5,509.348s,500,50,1584049154,1500,10,55,11.38,,,
2.02003E+13,MDG-a_15_n500_m50,6,504.919s,500,50,1584059150,1500,10,54,10.72,,,
2.02003E+13,MDG-a_15_n500_m50,7,500.509s,500,50,1584038975,1500,10,58,10.54,,,
2.02003E+13,MDG-a_15_n500_m50,8,502.041s,500,50,1584063064,1500,10,58,10.65,,,
2.02003E+13,MDG-a_15_n500_m50,9,503.889s,500,50,1584057659,1500,10,56,10.61,,,
2.02003E+13,MDG-a_16_n500_m50,0,505.063s,500,50,1584049235,1500,10,49,10.76,,,
2.02003E+13,MDG-a_16_n500_m50,1,508.798s,500,50,1584051756,1500,10,58,11.09,,,
2.02003E+13,MDG-a_16_n500_m50,2,506.47s,500,50,1584057859,1500,10,56,11.32,,,
2.02003E+13,MDG-a_16_n500_m50,3,509.104s,500,50,1584063333,1500,10,57,11.47,,,
2.02003E+13,MDG-a_16_n500_m50,4,501.341s,500,50,1584042040,1500,10,54,11.13,,,
2.02003E+13,MDG-a_16_n500_m50,5,509.785s,500,50,1584052429,1500,10,52,11.66,,,
2.02003E+13,MDG-a_16_n500_m50,6,501.762s,500,50,1584057199,1500,10,54,10.91,,,
2.02003E+13,MDG-a_16_n500_m50,7,507.121s,500,50,1584055063,1500,10,53,10.15,,,
2.02003E+13,MDG-a_16_n500_m50,8,509.03s,500,50,1584045480,1500,10,55,10.25,,,
2.02003E+13,MDG-a_16_n500_m50,9,500.291s,500,50,1584056961,1500,10,55,10.72,,,
2.02003E+13,MDG-a_17_n500_m50,0,506.463s,500,50,1584052599,1500,10,56,11.17,,,
2.02003E+13,MDG-a_17_n500_m50,1,503.588s,500,50,1584062986,1500,10,53,11.13,,,
2.02003E+13,MDG-a_17_n500_m50,2,504.016s,500,50,1584074708,1500,10,55,11.15,,,
2.02003E+13,MDG-a_17_n500_m50,3,500.192s,500,50,1584049249,1500,10,53,11.16,,,
2.02003E+13,MDG-a_17_n500_m50,4,503.375s,500,50,1584069300,1500,10,55,11.88,,,
2.02003E+13,MDG-a_17_n500_m50,5,506.462s,500,50,1584060715,1500,10,57,11.19,,,
2.02003E+13,MDG-a_17_n500_m50,6,509.7s,500,50,1584060218,1500,10,53,10.82,,,
2.02003E+13,MDG-a_17_n500_m50,7,507.614s,500,50,1584074824,1500,10,55,10.98,,,
2.02003E+13,MDG-a_17_n500_m50,8,503.472s,500,50,1584061864,1500,10,54,11.33,,,
2.02003E+13,MDG-a_17_n500_m50,9,502.69s,500,50,1584078445,1500,10,50,10.86,,,
2.02003E+13,MDG-a_18_n500_m50,0,500.682s,500,50,1584059532,1500,10,56,10.58,,,
2.02003E+13,MDG-a_18_n500_m50,1,500.449s,500,50,1584073790,1500,10,55,10.86,,,
2.02003E+13,MDG-a_18_n500_m50,2,501.059s,500,50,1584052561,1500,10,55,11.3,,,
2.02003E+13,MDG-a_18_n500_m50,3,501.593s,500,50,1584075808,1500,10,57,10.94,,,
2.02003E+13,MDG-a_18_n500_m50,4,502.697s,500,50,1584071495,1500,10,56,10.9,,,
2.02003E+13,MDG-a_18_n500_m50,5,506.124s,500,50,1584076712,1500,10,56,10.95,,,
2.02003E+13,MDG-a_18_n500_m50,6,502.64s,500,50,1584061831,1500,10,51,11.05,,,
2.02003E+13,MDG-a_18_n500_m50,7,506.055s,500,50,1584075711,1500,10,55,10.99,,,
2.02003E+13,MDG-a_18_n500_m50,8,501.612s,500,50,1584079625,1500,10,53,11.09,,,
2.02003E+13,MDG-a_18_n500_m50,9,507.039s,500,50,1584055691,1500,10,56,10.76,,,
2.02003E+13,MDG-a_19_n500_m50,0,507.151s,500,50,1584059186,1500,10,53,11.29,,,
2.02003E+13,MDG-a_19_n500_m50,1,508.737s,500,50,1584083914,1500,10,52,10.64,,,
2.02003E+13,MDG-a_19_n500_m50,2,571.107s,500,50,1584060485,1500,10,51,10.73,,,
2.02003E+13,MDG-a_19_n500_m50,3,505.607s,500,50,1584078272,1500,10,53,11.55,,,
2.02003E+13,MDG-a_19_n500_m50,4,500.076s,500,50,1584067735,1500,10,53,11.14,,,
2.02003E+13,MDG-a_19_n500_m50,5,508.755s,500,50,1584075080,1500,10,55,10.99,,,
2.02003E+13,MDG-a_19_n500_m50,6,501.482s,500,50,1584056226,1500,10,51,10.71,,,
2.02003E+13,MDG-a_19_n500_m50,7,501.975s,500,50,1584075147,1500,10,55,11.52,,,
2.02003E+13,MDG-a_19_n500_m50,8,506.24s,500,50,1584076397,1500,10,55,11.3,,,
2.02003E+13,MDG-a_19_n500_m50,9,500.118s,500,50,1584074275,1500,10,56,11.08,,,
2.02003E+13,MDG-a_20_n500_m50,0,506.931s,500,50,1584072239,1500,10,55,11.15,,,
2.02003E+13,MDG-a_20_n500_m50,1,507.731s,500,50,1584067234,1500,10,54,10.55,,,
2.02003E+13,MDG-a_20_n500_m50,2,501.072s,500,50,1584084161,1500,10,56,11.27,,,
2.02003E+13,MDG-a_20_n500_m50,3,506.466s,500,50,1584067465,1500,10,58,11.64,,,
2.02003E+13,MDG-a_20_n500_m50,4,502.314s,500,50,1584074030,1500,10,55,11.11,,,
2.02003E+13,MDG-a_20_n500_m50,5,507.535s,500,50,1584087181,1500,10,57,10.93,,,
2.02003E+13,MDG-a_20_n500_m50,6,505.217s,500,50,1584076331,1500,10,56,10.81,,,
2.02003E+13,MDG-a_20_n500_m50,7,506.057s,500,50,1584062535,1500,10,55,11.29,,,
2.02003E+13,MDG-a_20_n500_m50,8,504.474s,500,50,1584064748,1500,10,54,11.7,,,
2.02003E+13,MDG-a_20_n500_m50,9,508.602s,500,50,1584084011,1500,10,56,11.01,,,
2.02003E+13,MDG-c_1_n3000_m300,0,6346.39s,3000,300,1584077558,1500,10,1,4577,,,
2.02003E+13,MDG-c_1_n3000_m300,1,4819.26s,3000,300,1584069602,1500,10,1,4701,,,
2.02003E+13,MDG-c_1_n3000_m300,2,5780.34s,3000,300,1584081657,1500,10,1,4340,,,
2.02003E+13,MDG-c_1_n3000_m300,3,5476.85s,3000,300,1584083246,1500,10,1,4803,,,
2.02003E+13,MDG-c_1_n3000_m300,4,4671.84s,3000,300,1584096179,1500,10,1,4659,,,
2.02003E+13,MDG-c_1_n3000_m300,5,3929.79s,3000,300,1584118526,1500,10,1,4665,,,
2.02003E+13,MDG-c_1_n3000_m300,6,4581.87s,3000,300,1584115133,1500,10,1,4734,,,
2.02003E+13,MDG-c_1_n3000_m300,7,4254.47s,3000,300,1584125215,1500,10,1,4691,,,
2.02003E+13,MDG-c_1_n3000_m300,8,7441.8s,3000,300,1584132339,1500,10,2,4273,,,
2.02003E+13,MDG-c_1_n3000_m300,9,4116.07s,3000,300,1584130326,1500,10,1,4606,,,
2.02003E+13,MDG-c_2_n3000_m300,0,5339.36s,3000,300,1584116915,1500,10,1,4368,,,
2.02003E+13,MDG-c_2_n3000_m300,1,5724.35s,3000,300,1584145105,1500,10,1,4488,,,
2.02003E+13,MDG-c_2_n3000_m300,2,4605.79s,3000,300,1584144756,1500,10,1,4803,,,
2.02003E+13,MDG-c_2_n3000_m300,3,9669.7s,3000,300,1584138624,1500,10,1,4646,,,
2.02003E+13,MDG-c_2_n3000_m300,4,6297.53s,3000,300,1584157272,1500,10,1,4781,,,
2.02003E+13,MDG-c_2_n3000_m300,5,6155.83s,3000,300,1584156468,1500,10,1,4523,,,
2.02003E+13,MDG-c_2_n3000_m300,6,4844.23s,3000,300,1584167641,1500,10,1,4647,,,
2.02003E+13,MDG-c_2_n3000_m300,7,5869.99s,3000,300,1584173738,1500,10,2,4581,,,
2.02003E+13,MDG-c_2_n3000_m300,8,4076.69s,3000,300,1584180238,1500,10,1,4708,,,
2.02003E+13,MDG-c_2_n3000_m300,9,3038.38s,3000,300,1584175966,1500,10,1,4661,,,
2.02003E+13,MDG-c_3_n3000_m300,0,6194.54s,3000,300,1584183479,1500,10,1,4495,,,
2.02003E+13,MDG-c_3_n3000_m300,1,3387.93s,3000,300,1584196227,1500,10,1,4931,,,
2.02003E+13,MDG-c_3_n3000_m300,2,4138.81s,3000,300,1584203129,1500,10,1,4830,,,
2.02003E+13,MDG-c_3_n3000_m300,3,3782.03s,3000,300,1584189201,1500,10,1,4688,,,
2.02003E+13,MDG-c_3_n3000_m300,4,4199.31s,3000,300,1584206130,1500,10,1,4564,,,
2.02003E+13,MDG-c_3_n3000_m300,5,6660.69s,3000,300,1584206363,1500,10,1,4426,,,
2.02003E+13,MDG-c_3_n3000_m300,6,5019.05s,3000,300,1584215963,1500,10,1,4558,,,
2.02003E+13,MDG-c_3_n3000_m300,7,7366.44s,3000,300,1584207702,1500,10,2,4584,,,
2.02003E+13,MDG-c_3_n3000_m300,8,3903.8s,3000,300,1584236413,1500,10,1,4960,,,
2.02003E+13,MDG-c_3_n3000_m300,9,3552.2s,3000,300,1584234588,1500,10,1,4739,,,
2.02003E+13,MDG-c_4_n3000_m300,0,4438.44s,3000,300,1584249483,1500,10,1,4635,,,
2.02003E+13,MDG-c_4_n3000_m300,1,6804.02s,3000,300,1584228794,1500,10,1,4627,,,
2.02003E+13,MDG-c_4_n3000_m300,2,5640.27s,3000,300,1584231241,1500,10,1,4797,,,
2.02003E+13,MDG-c_4_n3000_m300,3,4024.2s,3000,300,1584267751,1500,10,1,4464,,,
2.02003E+13,MDG-c_4_n3000_m300,4,3896.7s,3000,300,1584269775,1500,10,1,4436,,,
2.02003E+13,MDG-c_4_n3000_m300,5,3156.68s,3000,300,1584269031,1500,10,1,4759,,,
2.02003E+13,MDG-c_4_n3000_m300,6,5957.91s,3000,300,1584264357,1500,10,1,4511,,,
2.02003E+13,MDG-c_4_n3000_m300,7,6437.8s,3000,300,1584267781,1500,10,1,4621,,,
2.02003E+13,MDG-c_4_n3000_m300,8,3074.27s,3000,300,1584278662,1500,10,1,4704,,,
2.02003E+13,MDG-c_4_n3000_m300,9,6373.29s,3000,300,1584288193,1500,10,1,4679,,,
2.02003E+13,MDG-c_5_n3000_m300,0,5873.27s,3000,300,1584283152,1500,10,1,4517,,,
2.02003E+13,MDG-c_5_n3000_m300,1,3932.72s,3000,300,1584275742,1500,10,1,4602,,,
2.02003E+13,MDG-c_5_n3000_m300,2,3354.37s,3000,300,1584306521,1500,10,1,4972,,,
2.02003E+13,MDG-c_5_n3000_m300,3,5218.36s,3000,300,1584310396,1500,10,1,4404,,,
2.02003E+13,MDG-c_5_n3000_m300,4,4736.75s,3000,300,1584313444,1500,10,1,4655,,,
2.02003E+13,MDG-c_5_n3000_m300,5,5350.32s,3000,300,1584295643,1500,10,1,4742,,,
2.02003E+13,MDG-c_5_n3000_m300,6,6779.59s,3000,300,1584313132,1500,10,2,4673,,,
2.02003E+13,MDG-c_5_n3000_m300,7,4367.97s,3000,300,1584320188,1500,10,1,4711,,,
2.02003E+13,MDG-c_5_n3000_m300,8,5523.17s,3000,300,1584317031,1500,10,2,4641,,,
2.02003E+13,MDG-c_5_n3000_m300,9,4010.03s,3000,300,1584345269,1500,10,1,4686,,,
2.02003E+13,MDG-c_6_n3000_m400,0,15691.4s,3000,400,1584323083,1500,10,1,6057,,,
2.02003E+13,MDG-c_6_n3000_m400,1,8022.03s,3000,400,1584335618,1500,10,1,6190,,,
2.02003E+13,MDG-c_6_n3000_m400,2,7777.03s,3000,400,1584368308,1500,10,1,5762,,,
2.02003E+13,MDG-c_6_n3000_m400,3,12414.5s,3000,400,1584365251,1500,10,1,5807,,,
2.02003E+13,MDG-c_6_n3000_m400,4,15064.1s,3000,400,1584389017,1500,10,1,5767,,,
2.02003E+13,MDG-c_6_n3000_m400,5,10843s,3000,400,1584396636,1500,10,1,5858,,,
2.02003E+13,MDG-c_6_n3000_m400,6,6718.3s,3000,400,1584400521,1500,10,1,6104,,,
2.02003E+13,MDG-c_6_n3000_m400,7,8174.29s,3000,400,1584409268,1500,10,1,5552,,,
2.02003E+13,MDG-c_6_n3000_m400,8,7607.51s,3000,400,1584418740,1500,10,1,6188,,,
2.02003E+13,MDG-c_6_n3000_m400,9,10438.1s,3000,400,1584438588,1500,10,1,6036,,,
2.02003E+13,MDG-c_7_n3000_m400,0,14616.8s,3000,400,1584448872,1500,10,1,5593,,,
2.02003E+13,MDG-c_7_n3000_m400,1,7622.94s,3000,400,1584436899,1500,10,1,6201,,,
2.02003E+13,MDG-c_7_n3000_m400,2,8737.05s,3000,400,1584450140,1500,10,1,5934,,,
2.02003E+13,MDG-c_7_n3000_m400,3,8604.12s,3000,400,1584455363,1500,10,1,5750,,,
2.02003E+13,MDG-c_7_n3000_m400,4,10870.2s,3000,400,1584481577,1500,10,1,5815,,,
2.02003E+13,MDG-c_7_n3000_m400,5,10480.3s,3000,400,1584482916,1500,10,1,5920,,,
2.02003E+13,MDG-c_7_n3000_m400,6,9812.46s,3000,400,1584503943,1500,10,1,5948,,,
2.02003E+13,MDG-c_7_n3000_m400,7,9012.86s,3000,400,1584501581,1500,10,1,5985,,,
2.02003E+13,MDG-c_7_n3000_m400,8,9448.03s,3000,400,1584526082,1500,10,1,5869,,,
2.02003E+13,MDG-c_7_n3000_m400,9,11250.7s,3000,400,1584522282,1500,10,1,5977,,,
2.02003E+13,MDG-c_8_n3000_m400,0,13355.5s,3000,400,1584535131,1500,10,1,5600,,,
2.02003E+13,MDG-c_8_n3000_m400,1,12021.5s,3000,400,1584566601,1500,10,1,5706,,,
2.02003E+13,MDG-c_8_n3000_m400,2,17156.4s,3000,400,1584559441,1500,10,1,6003,,,
2.02003E+13,MDG-c_8_n3000_m400,3,12840s,3000,400,1584594511,1500,10,1,5827,,,
2.02003E+13,MDG-c_8_n3000_m400,4,7631.87s,3000,400,1584609313,1500,10,1,6010,,,
2.02003E+13,MDG-c_8_n3000_m400,5,8795.98s,3000,400,1584594535,1500,10,1,5960,,,
2.02003E+13,MDG-c_8_n3000_m400,6,13768.5s,3000,400,1584602176,1500,10,1,5827,,,
2.02003E+13,MDG-c_8_n3000_m400,7,7898.62s,3000,400,1584626956,1500,10,1,5957,,,
2.02003E+13,MDG-c_8_n3000_m400,8,6738.54s,3000,400,1584618863,1500,10,1,6072,,,
2.02003E+13,MDG-c_8_n3000_m400,9,12558.6s,3000,400,1584629768,1500,10,1,5872,,,
2.02003E+13,MDG-c_9_n3000_m400,0,8187.08s,3000,400,1584648444,1500,10,1,6225,,,
2.02003E+13,MDG-c_9_n3000_m400,1,2.02003E+13,MDG-c_1_n3000_m300,0,3645.87s,3000,300,1584649155,1500,10,1,4716
2.02003E+13,MDG-c_1_n3000_m300,1,3538.55s,3000,300,1584676567,1500,10,1,4579,,,
2.02003E+13,MDG-c_1_n3000_m300,2,4133.72s,3000,300,1584670187,1500,10,1,4743,,,
2.02003E+13,MDG-c_1_n3000_m300,3,4330.91s,3000,300,1584668330,1500,10,1,4802,,,
2.02003E+13,MDG-c_1_n3000_m300,4,5899.25s,3000,300,1584694811,1500,10,1,4420,,,
2.02003E+13,MDG-c_1_n3000_m300,5,6713.77s,3000,300,1584673499,1500,10,1,4529,,,
2.02003E+13,MDG-c_1_n3000_m300,6,4153.19s,3000,300,1584703062,1500,10,1,4769,,,
2.02003E+13,MDG-c_1_n3000_m300,7,3965.24s,3000,300,1584705513,1500,10,1,4659,,,
2.02003E+13,MDG-c_1_n3000_m300,8,3494.22s,3000,300,1584707625,1500,10,1,4554,,,
2.02003E+13,MDG-c_1_n3000_m300,9,3180.65s,3000,300,1584689917,1500,10,1,4621,,,
2.02003E+13,MDG-c_2_n3000_m300,0,5386.56s,3000,300,1584722781,1500,10,1,4692,,,
2.02003E+13,MDG-c_2_n3000_m300,1,4463.42s,3000,300,1584713004,1500,10,1,4664,,,
2.02003E+13,MDG-c_2_n3000_m300,2,3515.27s,3000,300,1584728262,1500,10,1,4616,,,
2.02003E+13,MDG-c_2_n3000_m300,3,3291.9s,3000,300,1584730260,1500,10,1,4680,,,
2.02003E+13,MDG-c_2_n3000_m300,4,5168.67s,3000,300,1584736691,1500,10,1,4705,,,
2.02003E+13,MDG-c_2_n3000_m300,5,4208.43s,3000,300,1584721623,1500,10,1,4518,,,
2.02003E+13,MDG-c_2_n3000_m300,6,4838.2s,3000,300,1584728308,1500,10,1,4750,,,
2.02003E+13,MDG-c_2_n3000_m300,7,6107.01s,3000,300,1584752701,1500,10,2,4581,,,
2.02003E+13,MDG-c_2_n3000_m300,8,4202.55s,3000,300,1584732171,1500,10,1,4693,,,
2.02003E+13,MDG-c_2_n3000_m300,9,4162.74s,3000,300,1584764018,1500,10,1,4705,,,
2.02003E+13,MDG-c_3_n3000_m300,0,3588.16s,3000,300,1584763044,1500,10,1,4639,,,
2.02003E+13,MDG-c_3_n3000_m300,1,5241s,3000,300,1584770579,1500,10,1,4520,,,
2.02003E+13,MDG-c_3_n3000_m300,2,3945.28s,3000,300,1584753931,1500,10,1,4538,,,
2.02003E+13,MDG-c_3_n3000_m300,3,5578.91s,3000,300,1584766613,1500,10,1,4679,,,
2.02003E+13,MDG-c_3_n3000_m300,4,3931.36s,3000,300,1584782010,1500,10,1,4272,,,
2.02003E+13,MDG-c_3_n3000_m300,5,5108.26s,3000,300,1584781398,1500,10,1,4381,,,
2.02003E+13,MDG-c_3_n3000_m300,6,5541.32s,3000,300,1584776364,1500,10,1,4796,,,
2.02003E+13,MDG-c_3_n3000_m300,7,5506.07s,3000,300,1584776706,1500,10,2,4764,,,
2.02003E+13,MDG-c_3_n3000_m300,8,5570.32s,3000,300,1584785430,1500,10,1,4403,,,
2.02003E+13,MDG-c_3_n3000_m300,9,5122.16s,3000,300,1584809025,1500,10,1,4599,,,
2.02003E+13,MDG-c_4_n3000_m300,0,5870.57s,3000,300,1584790459,1500,10,1,4634,,,
2.02003E+13,MDG-c_4_n3000_m300,1,3053.02s,3000,300,1584824544,1500,10,1,4759,,,
2.02003E+13,MDG-c_4_n3000_m300,2,3402.1s,3000,300,1584818808,1500,10,1,4614,,,
2.02003E+13,MDG-c_4_n3000_m300,3,5069.92s,3000,300,1584805623,1500,10,1,4481,,,
2.02003E+13,MDG-c_4_n3000_m300,4,4266.06s,3000,300,1584825101,1500,10,1,4551,,,
2.02003E+13,MDG-c_4_n3000_m300,5,3949.36s,3000,300,1584828888,1500,10,1,4483,,,
2.02003E+13,MDG-c_4_n3000_m300,6,3350.88s,3000,300,1584834944,1500,10,1,4846,,,
2.02003E+13,MDG-c_4_n3000_m300,7,3328.61s,3000,300,1584829210,1500,10,1,4786,,,
2.02003E+13,MDG-c_4_n3000_m300,8,4535s,3000,300,1584823090,1500,10,1,4690,,,
2.02003E+13,MDG-c_4_n3000_m300,9,4655.16s,3000,300,1584831942,1500,10,1,4501,,,
2.02003E+13,MDG-c_5_n3000_m300,0,4399.27s,3000,300,1584849477,1500,10,1,4602,,,
2.02003E+13,MDG-c_5_n3000_m300,1,4151.07s,3000,300,1584849980,1500,10,1,4531,,,
2.02003E+13,MDG-c_5_n3000_m300,2,3452.84s,3000,300,1584854844,1500,10,1,4785,,,
2.02003E+13,MDG-c_5_n3000_m300,3,4487.18s,3000,300,1584855472,1500,10,1,4703,,,
2.02003E+13,MDG-c_5_n3000_m300,4,4446.76s,3000,300,1584853283,1500,10,1,4764,,,
2.02003E+13,MDG-c_5_n3000_m300,5,4820.25s,3000,300,1584879205,1500,10,1,4585,,,
2.02003E+13,MDG-c_5_n3000_m300,6,3749.2s,3000,300,1584871791,1500,10,1,4517,,,
2.02003E+13,MDG-c_5_n3000_m300,7,5858.54s,3000,300,1584868978,1500,10,1,4246,,,
2.02003E+13,MDG-c_5_n3000_m300,8,5770.99s,3000,300,1584887690,1500,10,1,4530,,,
2.02003E+13,MDG-c_5_n3000_m300,9,4838.41s,3000,300,1584892549,1500,10,1,4484,,,
2.02003E+13,MDG-c_6_n3000_m400,0,11787.9s,3000,400,1584896077,1500,10,1,6099,,,
2.02003E+13,MDG-c_6_n3000_m400,1,8975.95s,3000,400,1584898716,1500,10,1,5851,,,
2.02003E+13,MDG-c_6_n3000_m400,2,8711.2s,3000,400,1584919542,1500,10,1,5857,,,
2.02003E+13,MDG-c_6_n3000_m400,3,13496.3s,3000,400,1584927230,1500,10,1,5775,,,
2.02003E+13,MDG-c_6_n3000_m400,4,6330.58s,3000,400,1584923599,1500,10,1,6225,,,
2.02003E+13,MDG-c_6_n3000_m400,5,4835.2s,3000,400,1584925520,1500,10,1,6070,,,
2.02003E+13,MDG-c_6_n3000_m400,6,8790.87s,3000,400,1584958704,1500,10,1,6032,,,
2.02003E+13,MDG-c_6_n3000_m400,7,9007.72s,3000,400,1584961314,1500,10,1,6036,,,
2.02003E+13,MDG-c_6_n3000_m400,8,6762.12s,3000,400,1584977090,1500,10,1,6011,,,
2.02003E+13,MDG-c_6_n3000_m400,9,9938.06s,3000,400,1584965037,1500,10,1,5985,,,
2.02003E+13,MDG-c_7_n3000_m400,0,7375.09s,3000,400,1584981460,1500,10,1,5851,,,
2.02003E+13,MDG-c_7_n3000_m400,1,14810.4s,3000,400,1584990878,1500,10,1,5585,,,
2.02003E+13,MDG-c_7_n3000_m400,2,9815.82s,3000,400,1585015028,1500,10,1,6080,,,
2.02003E+13,MDG-c_7_n3000_m400,3,11630.4s,3000,400,1585009080,1500,10,1,5670,,,
2.02003E+13,MDG-c_7_n3000_m400,4,8361.34s,3000,400,1585025542,1500,10,1,5945,,,
2.02003E+13,MDG-c_7_n3000_m400,5,11477.7s,3000,400,1585036492,1500,10,1,6039,,,
2.02003E+13,MDG-c_7_n3000_m400,6,10551.4s,3000,400,1585058971,1500,10,1,5836,,,
2.02003E+13,MDG-c_7_n3000_m400,7,6873.04s,3000,400,1585060005,1500,10,1,6257,,,
2.02003E+13,MDG-c_7_n3000_m400,8,5926.09s,3000,400,1585058031,1500,10,1,6164,,,
2.02003E+13,MDG-c_7_n3000_m400,9,7977.53s,3000,400,1585055665,1500,10,1,5989,,,
2.02003E+13,MDG-c_8_n3000_m400,0,10744s,3000,400,1585069216,1500,10,1,5869,,,
2.02003E+13,MDG-c_8_n3000_m400,1,7802.44s,3000,400,1585074490,1500,10,1,5953,,,
2.02003E+13,MDG-c_8_n3000_m400,2,12475.7s,3000,400,1585082071,1500,10,1,6003,,,
2.02003E+13,MDG-c_8_n3000_m400,3,7759.94s,3000,400,1585089032,1500,10,1,6128,,,
2.02003E+13,MDG-c_8_n3000_m400,4,8821.5s,3000,400,1585112088,1500,10,1,5747,,,
2.02003E+13,MDG-c_8_n3000_m400,5,8535.94s,3000,400,1585112755,1500,10,1,5972,,,
2.02003E+13,MDG-c_8_n3000_m400,6,18332.2s,3000,400,1585137030,1500,10,1,5709,,,
2.02003E+13,MDG-c_8_n3000_m400,7,8584.47s,3000,400,1585133996,1500,10,1,5863,,,
2.02003E+13,MDG-c_8_n3000_m400,8,10683.5s,3000,400,1585164201,1500,10,1,5963,,,
2.02003E+13,MDG-c_8_n3000_m400,9,6354.17s,3000,400,1585182675,1500,10,1,6363,,,
2.02003E+13,MDG-c_9_n3000_m400,0,11348.5s,3000,400,1585188324,1500,10,1,6094,,,
2.02003E+13,MDG-c_9_n3000_m400,1,14263.7s,3000,400,1585171088,1500,10,1,5906,,,
2.02003E+13,MDG-c_9_n3000_m400,2,17935.6s,3000,400,1585206850,1500,10,1,5470,,,
2.02003E+13,MDG-c_9_n3000_m400,3,10157.3s,3000,400,1585211735,1500,10,1,5908,,,
2.02003E+13,MDG-c_9_n3000_m400,4,11854.7s,3000,400,1585213149,1500,10,1,5802,,,
2.02003E+13,MDG-c_9_n3000_m400,5,8988.63s,3000,400,1585231962,1500,10,1,5810,,,
2.02003E+13,MDG-c_9_n3000_m400,6,10177.3s,3000,400,1585255701,1500,10,1,6049,,,
2.02003E+13,MDG-c_9_n3000_m400,7,10741s,3000,400,1585259161,1500,10,1,5847,,,
2.02003E+13,MDG-c_9_n3000_m400,8,8339.12s,3000,400,1585270091,1500,10,1,5893,,,
2.02003E+13,MDG-c_9_n3000_m400,9,8236.4s,3000,400,1585270723,1500,10,1,6179,,,
2.02003E+13,MDG-c_10_n3000_m400,0,16737.5s,3000,400,1585286507,1500,10,1,5973,,,
2.02003E+13,MDG-c_10_n3000_m400,1,8098.77s,3000,400,1585303540,1500,10,1,5718,,,
2.02003E+13,MDG-c_10_n3000_m400,2,6025.14s,3000,400,1585295615,1500,10,1,6162,,,
2.02003E+13,MDG-c_10_n3000_m400,3,9919.27s,3000,400,1585324448,1500,10,1,6093,,,
2.02003E+13,MDG-c_10_n3000_m400,4,8401.7s,3000,400,1585335794,1500,10,1,6234,,,
2.02003E+13,MDG-c_10_n3000_m400,5,5945.71s,3000,400,1585352120,1500,10,1,6202,,,
2.02003E+13,MDG-c_10_n3000_m400,6,8776.21s,3000,400,1585351367,1500,10,1,6153,,,
2.02003E+13,MDG-c_10_n3000_m400,7,12396.4s,3000,400,1585354516,1500,10,1,5982,,,
2.02003E+13,MDG-c_10_n3000_m400,8,9492.13s,3000,400,1585376079,1500,10,1,6038,,,
2.02003E+13,MDG-c_10_n3000_m400,9,7829.46s,3000,400,1585359640,1500,10,1,6098,,,
2.02003E+13,MDG-c_11_n3000_m500,0,16164.7s,3000,500,1585392044,1500,10,1,7098,,,
2.02003E+13,MDG-c_11_n3000_m500,1,15081.7s,3000,500,1585380599,1500,10,1,7309,,,
2.02003E+13,MDG-c_11_n3000_m500,2,16061.2s,3000,500,1585419360,1500,10,1,7421,,,
2.02003E+13,MDG-c_11_n3000_m500,3,26890.9s,3000,500,1585437326,1500,10,1,6901,,,
2.02003E+13,MDG-c_11_n3000_m500,4,12706.2s,3000,500,1585439611,1500,10,1,7701,,,
2.02003E+13,MDG-c_11_n3000_m500,5,23395.1s,3000,500,1585460043,1500,10,1,7338,,,
2.02003E+13,MDG-c_11_n3000_m500,6,26778s,3000,500,1585483671,1500,10,1,7362,,,
2.02003E+13,MDG-c_11_n3000_m500,7,23571.8s,3000,500,1585516334,1500,10,1,7017,,,
2.02003E+13,MDG-c_11_n3000_m500,8,14474.8s,3000,500,1585549451,1500,10,1,7564,,,
2.02003E+13,MDG-c_11_n3000_m500,9,16794.7s,3000,500,1585562841,1500,10,1,7710,,,
2.02003E+13,MDG-c_12_n3000_m500,0,23920.6s,3000,500,1585568558,1500,10,1,6620,,,
2.02003E+13,MDG-c_12_n3000_m500,1,15290.9s,3000,500,1585603350,1500,10,1,7625,,,
2.02003E+13,MDG-c_12_n3000_m500,2,17269.2s,3000,500,1585618708,1500,10,1,7028,,,
2.02003E+13,MDG-c_12_n3000_m500,3,32135.6s,3000,500,1585613181,1500,10,1,6846,,,
2.02004E+13,MDG-c_12_n3000_m500,4,14845.3s,3000,500,1585662014,1500,10,1,7031,,,
2.02004E+13,MDG-c_12_n3000_m500,5,26655.5s,3000,500,1585691476,1500,10,1,7226,,,
2.02004E+13,MDG-c_12_n3000_m500,6,17188.9s,3000,500,1585691159,1500,10,1,7173,,,
2.02004E+13,MDG-c_12_n3000_m500,7,19528.9s,3000,500,1585725167,1500,10,1,7450,,,
2.02004E+13,MDG-c_12_n3000_m500,8,42881.8s,3000,500,1585740502,1500,10,1,6736,,,
2.02004E+13,MDG-c_12_n3000_m500,9,19916s,3000,500,1585773746,1500,10,1,7111,,,
2.02004E+13,MDG-c_13_n3000_m500,0,20129.3s,3000,500,1585793528,1500,10,1,7430,,,
2.02004E+13,MDG-c_13_n3000_m500,1,23181.5s,3000,500,1585814854,1500,10,1,7332,,,
2.02004E+13,MDG-c_13_n3000_m500,2,15056.9s,3000,500,1585838680,1500,10,1,7714,,,
2.02004E+13,MDG-c_13_n3000_m500,3,17433.8s,3000,500,1585855435,1500,10,1,7555,,,
2.02004E+13,MDG-c_13_n3000_m500,4,36088.7s,3000,500,1585894375,1500,10,1,6920,,,
2.02004E+13,MDG-c_13_n3000_m500,5,31728.2s,3000,500,1585920369,1500,10,1,7030,,,
2.02004E+13,MDG-c_13_n3000_m500,6,18310.3s,3000,500,1585956253,1500,10,1,7343,,,
2.02004E+13,MDG-c_13_n3000_m500,7,,,,,,,,,,,
